{"Downloads": [129.4709309099714, 132.5912233051162, 128.18032506079567, 112.34074612592134, 110.596035441453], "Uploads": [18.43462818128831, 18.841025750689912, 18.09030582182055, 17.682526504535776, 18.947062385552663]}